legajo;nombreUsuario;contrasena;fechaAlta;fechaUltimoLogin
1500;gloria.washington;&YtT+7OtkT;31/03/2024;24/02/2025
7976;michaela.banks;)sC2(Ee@AK;04/09/2022;16/01/2025
2191;sean.parker;u6BLDOBc!U;11/07/2021;02/11/2024
2448;taylor.reynolds;^0YFuIq)+r;27/05/2021;20/11/2024
2376;brandon.morrison;h9HH$hs0*3;08/12/2021;16/09/2024
2945;monica.mitchell;$*h0TGOn&#;23/11/2022;10/12/2024
2034;zachary.mills;HolaComo;21/05/2021;5/5/2025
5343;timothy.harrison;HolaComo;06/09/2023;9/5/
0000;mrp;hola;06/09/2023;9/5/
3018;james.marsh;12345678;29/09/2021;9/5/2025
2316;craig.haynes;12345678;04/04/2021;9/5/2025
